t,J1,J2,J3,J4,J5,J6,J7,J8,J9,J10,J11,J12
0.000000000000000000e+00,0.000000000000000000e+00,0.000000000000000000e+00,0.000000000000000000e+00,0.000000000000000000e+00,0.000000000000000000e+00,0.000000000000000000e+00,0.000000000000000000e+00,0.000000000000000000e+00,0.000000000000000000e+00,0.000000000000000000e+00,0.000000000000000000e+00,0.000000000000000000e+00
1.010101010101010083e-01,6.899749860167503357e-04,4.910266958177089691e-03,3.305517602711915970e-03,-4.154239315539598465e-03,8.781262673437595367e-03,5.076314322650432587e-03,4.981405567377805710e-03,-8.500701747834682465e-03,-3.215051721781492233e-03,-2.766677353065460920e-04,6.159483455121517181e-03,3.822910366579890251e-04
2.020202020202020166e-01,2.681045327335596085e-03,1.907989196479320526e-02,1.284429524093866348e-02,-1.614218577742576599e-02,3.412147611379623413e-02,1.972510665655136108e-02,1.935631781816482544e-02,-3.303129598498344421e-02,-1.249277126044034958e-02,-1.075051724910736084e-03,2.393398992717266083e-02,1.485473709180951118e-03
3.030303030303030387e-01,5.854929797351360321e-03,4.166711494326591492e-02,2.804967388510704041e-02,-3.525168448686599731e-02,7.451527565717697144e-02,4.307615011930465698e-02,4.227077960968017578e-02,-7.213451713323593140e-02,-2.728200517594814301e-02,-2.347723115235567093e-03,5.226760730147361755e-02,3.244012128561735153e-03
4.040404040404040331e-01,1.009334810078144073e-02,7.183019071817398071e-02,4.835499823093414307e-02,-6.077058613300323486e-02,1.284573227167129517e-01,7.425922900438308716e-02,7.287084311246871948e-02,-1.243531256914138794e-01,-4.703161120414733887e-02,-4.047253634780645370e-03,9.010443836450576782e-02,5.592371802777051926e-03
5.050505050505050830e-01,1.527801714837551117e-02,1.087273359298706055e-01,7.319360226392745972e-02,-9.198672324419021606e-02,1.944422274827957153e-01,1.124041005969047546e-01,1.103025451302528381e-01,-1.882298290729522705e-01,-7.119042426347732544e-02,-6.126214284449815750e-03,1.363885551691055298e-01,8.465015329420566559e-03
6.060606060606060774e-01,2.129065245389938354e-02,1.515167802572250366e-01,1.019988134503364563e-01,-1.281879395246505737e-01,2.709646224975585938e-01,1.566405445337295532e-01,1.537119150161743164e-01,-2.623073458671569824e-01,-9.920729696750640869e-02,-8.537175133824348450e-03,1.900640279054641724e-01,1.179640740156173706e-02
7.070707070707070718e-01,2.801298163831233978e-02,1.993568092584609985e-01,1.342040002346038818e-01,-1.686621010303497314e-01,3.565192222595214844e-01,2.060983479022979736e-01,2.022450417280197144e-01,-3.451284468173980713e-01,-1.305310875177383423e-01,-1.123270951211452484e-02,2.500749826431274414e-01,1.552101410925388336e-02
8.080808080808080662e-01,3.532671555876731873e-02,2.514056563377380371e-01,1.692424863576889038e-01,-2.126970440149307251e-01,4.496006071567535400e-01,2.599073052406311035e-01,2.550479471683502197e-01,-4.352359175682067871e-01,-1.646106392145156860e-01,-1.416538842022418976e-02,3.153655230998992920e-01,1.957330107688903809e-02
9.090909090909090606e-01,4.311357438564300537e-02,3.068214952945709229e-01,2.065475881099700928e-01,-2.595805823802947998e-01,5.487033724784851074e-01,3.171970844268798828e-01,3.112666308879852295e-01,-5.311723351478576660e-01,-2.008947730064392090e-01,-1.728777959942817688e-02,3.848796784877777100e-01,2.388772554695606232e-02
1.010101010101010166e+00,5.125527828931808472e-02,3.647626638412475586e-01,2.455527037382125854e-01,-3.086006045341491699e-01,6.523222923278808594e-01,3.770976364612579346e-01,3.700472414493560791e-01,-6.314806938171386719e-01,-2.388323843479156494e-01,-2.055246010422706604e-02,4.575615823268890381e-01,2.839876152575016022e-02
1.111111111111111160e+00,5.963354185223579407e-02,4.243872761726379395e-01,2.856911122798919678e-01,-3.590449094772338867e-01,7.589518427848815918e-01,4.387385249137878418e-01,4.305357038974761963e-01,-7.347034215927124023e-01,-2.778722643852233887e-01,-2.391199395060539246e-02,5.323552489280700684e-01,3.304086253046989441e-02
1.212121212121212155e+00,6.813009083271026611e-02,4.848537147045135498e-01,3.263961970806121826e-01,-4.102014005184173584e-01,8.670868277549743652e-01,5.012497305870056152e-01,4.918781518936157227e-01,-8.393834829330444336e-01,-3.174633383750915527e-01,-2.731896005570888519e-02,6.082049012184143066e-01,3.774850443005561829e-02
1.313131313131313149e+00,7.662663608789443970e-02,5.453200936317443848e-01,3.671012520790100098e-01,-4.613578319549560547e-01,9.752216935157775879e-01,5.637608766555786133e-01,5.532205700874328613e-01,-9.440634846687316895e-01,-3.570543825626373291e-01,-3.072592243552207947e-02,6.840544939041137695e-01,4.245614260435104370e-02
1.414141414141414144e+00,8.500490337610244751e-02,6.049448251724243164e-01,4.072397053241729736e-01,-5.118021965026855469e-01,1.081851363182067871e+00,6.254018545150756836e-01,6.137090921401977539e-01,-1.047286391258239746e+00,-3.960942924022674561e-01,-3.408546373248100281e-02,7.588482499122619629e-01,4.709824919700622559e-02
1.515151515151515138e+00,9.314660727977752686e-02,6.628859639167785645e-01,4.462448060512542725e-01,-5.608222484588623047e-01,1.185470223426818848e+00,6.853023767471313477e-01,6.724896430969238281e-01,-1.147594571113586426e+00,-4.340319037437438965e-01,-3.735014051198959351e-02,8.315301537513732910e-01,5.160928517580032349e-02
1.616161616161616132e+00,1.009334549307823181e-01,7.183017134666442871e-01,4.835498631000518799e-01,-6.077057123184204102e-01,1.284572958946228027e+00,7.425920963287353516e-01,7.287082672119140625e-01,-1.243530988693237305e+00,-4.703159928321838379e-01,-4.047252982854843140e-02,9.010441899299621582e-01,5.592370405793190002e-02
1.717171717171717127e+00,1.082472056150436401e-01,7.703506350517272949e-01,5.185884237289428711e-01,-6.517407298088073730e-01,1.377654433250427246e+00,7.964011430740356445e-01,7.815113067626953125e-01,-1.333638548851013184e+00,-5.043956041336059570e-01,-4.340521246194839478e-02,9.663348197937011719e-01,5.997599661350250244e-02
1.818181818181818121e+00,1.149695292115211487e-01,8.181906342506408691e-01,5.507935881614685059e-01,-6.922148466110229492e-01,1.463209033012390137e+00,8.458589315414428711e-01,8.300443887710571289e-01,-1.416459679603576660e+00,-5.357193946838378906e-01,-4.610074684023857117e-02,1.026345729827880859e+00,6.370060145854949951e-02
1.919191919191919116e+00,1.209821775555610657e-01,8.609801530838012695e-01,5.795988440513610840e-01,-7.284161448478698730e-01,1.539731502532958984e+00,8.900954127311706543e-01,8.734537959098815918e-01,-1.490537285804748535e+00,-5.637363195419311523e-01,-4.851171001791954041e-02,1.080021381378173828e+00,6.703200191259384155e-02
2.020202020202020332e+00,1.261668354272842407e-01,8.978772163391113281e-01,6.044374108314514160e-01,-7.596322298049926758e-01,1.605716347694396973e+00,9.282402396202087402e-01,9.108854532241821289e-01,-1.554413795471191406e+00,-5.878950357437133789e-01,-5.059066414833068848e-02,1.126305341720581055e+00,6.990464031696319580e-02
2.121212121212121104e+00,1.304052472114562988e-01,9.280403256416320801e-01,6.247427463531494141e-01,-7.851511240005493164e-01,1.659658432006835938e+00,9.594233036041259766e-01,9.414855241775512695e-01,-1.606632471084594727e+00,-6.076446771621704102e-01,-5.229019746184349060e-02,1.164142251014709473e+00,7.225299626588821411e-02
2.222222222222222321e+00,1.335791349411010742e-01,9.506275057792663574e-01,6.399480700492858887e-01,-8.042605519294738770e-01,1.700052142143249512e+00,9.827743172645568848e-01,9.643999338150024414e-01,-1.645735621452331543e+00,-6.224339008331298828e-01,-5.356286466121673584e-02,1.192475795745849609e+00,7.401153445243835449e-02
2.323232323232323093e+00,1.355702131986618042e-01,9.647971391677856445e-01,6.494868993759155273e-01,-8.162485957145690918e-01,1.725392460823059082e+00,9.974231719970703125e-01,9.787749052047729492e-01,-1.670266270637512207e+00,-6.317116022109985352e-01,-5.436125397682189941e-02,1.210250377655029297e+00,7.511471956968307495e-02
2.424242424242424310e+00,1.362601816654205322e-01,9.697074294090270996e-01,6.527923941612243652e-01,-8.204028010368347168e-01,1.734173655509948730e+00,1.002499461174011230e+00,9.837563037872314453e-01,-1.678766965866088867e+00,-6.349266767501831055e-01,-5.463792011141777039e-02,1.216409802436828613e+00,7.549700886011123657e-02
2.525252525252525082e+00,1.362601816654205322e-01,9.697074294090270996e-01,6.527923941612243652e-01,-8.204028010368347168e-01,1.734173655509948730e+00,1.002499461174011230e+00,9.837563037872314453e-01,-1.678766965866088867e+00,-6.349266767501831055e-01,-5.463792011141777039e-02,1.216409802436828613e+00,7.549700886011123657e-02
2.626262626262626299e+00,1.350152045488357544e-01,9.688844680786132812e-01,6.488155722618103027e-01,-8.175737857818603516e-01,1.719483137130737305e+00,9.899170398712158203e-01,9.809728860855102539e-01,-1.675058126449584961e+00,-6.244719028472900391e-01,-4.918590560555458069e-02,1.211230635643005371e+00,7.201103866100311279e-02
2.727272727272727071e+00,1.314225345849990845e-01,9.665096998214721680e-01,6.373397111892700195e-01,-8.094100356101989746e-01,1.677090525627136230e+00,9.536077380180358887e-01,9.729408025741577148e-01,-1.664355397224426270e+00,-5.943025350570678711e-01,-3.345295041799545288e-02,1.196284890174865723e+00,6.195153295993804932e-02
2.828282828282828287e+00,1.256956011056900024e-01,9.627241492271423340e-01,6.190463900566101074e-01,-7.963964939117431641e-01,1.609514117240905762e+00,8.957285881042480469e-01,9.601371288299560547e-01,-1.647294759750366211e+00,-5.462107062339782715e-01,-8.373688906431198120e-03,1.172460436820983887e+00,4.591608047485351562e-02
2.929292929292929060e+00,1.180478483438491821e-01,9.576689600944519043e-01,5.946174860000610352e-01,-7.790181636810302734e-01,1.519272446632385254e+00,8.184365630149841309e-01,9.430390596389770508e-01,-1.624511837959289551e+00,-4.819886684417724609e-01,2.511725947260856628e-02,1.140645265579223633e+00,2.450226992368698120e-02
3.030303030303030276e+00,1.086926832795143127e-01,9.514850974082946777e-01,5.647346377372741699e-01,-7.577600479125976562e-01,1.408883690834045410e+00,7.238886356353759766e-01,9.221237897872924805e-01,-1.596642494201660156e+00,-4.034286737442016602e-01,6.608524918556213379e-02,1.101727128028869629e+00,-1.692287623882293701e-03
3.131313131313131048e+00,9.784354269504547119e-02,9.443137049674987793e-01,5.300797224044799805e-01,-7.331070899963378906e-01,1.280866384506225586e+00,6.142418384552001953e-01,8.978683948516845703e-01,-1.564322590827941895e+00,-3.123230636119842529e-01,1.135956496000289917e-01,1.056593894958496094e+00,-3.207000344991683960e-02
3.232323232323232265e+00,8.571384847164154053e-02,9.362959265708923340e-01,4.913342893123626709e-01,-7.055442929267883301e-01,1.137738823890686035e+00,4.916530251502990723e-01,8.707500696182250977e-01,-1.528187870979309082e+00,-2.104639410972595215e-01,1.667138487100601196e-01,1.006133556365966797e+00,-6.603329628705978394e-02
3.333333333333333481e+00,7.251701503992080688e-02,9.275726675987243652e-01,4.491801857948303223e-01,-6.755566596984863281e-01,9.820193052291870117e-01,3.582792878150939941e-01,8.412459492683410645e-01,-1.488874077796936035e+00,-9.964358806610107422e-02,2.245052009820938110e-01,9.512338042259216309e-01,-1.029845699667930603e-01
3.434343434343434254e+00,5.846649408340454102e-02,9.182851910591125488e-01,4.042991697788238525e-01,-6.436290740966796875e-01,8.162264823913574219e-01,2.162777185440063477e-01,8.098332881927490234e-01,-1.447017192840576172e+00,1.834565401077270508e-02,2.860350608825683594e-01,8.927826285362243652e-01,-1.423262059688568115e-01
3.535353535353535470e+00,4.377567768096923828e-02,9.085744619369506836e-01,3.573729097843170166e-01,-6.102465391159057617e-01,6.428782939910888672e-01,6.780505180358886719e-02,7.769891023635864258e-01,-1.403252840042114258e+00,1.417117118835449219e-01,3.503688573837280273e-01,8.316678404808044434e-01,-1.834606528282165527e-01
3.636363636363636243e+00,2.865803241729736328e-02,8.985815644264221191e-01,3.090832233428955078e-01,-5.758941173553466797e-01,4.644936323165893555e-01,-8.498144149780273438e-02,7.431906461715698242e-01,-1.358216881752014160e+00,2.686621546745300293e-01,4.165718555450439453e-01,7.687773704528808594e-01,-2.257902324199676514e-01
3.737373737373737459e+00,1.332694292068481445e-02,8.884475827217102051e-01,2.601117491722106934e-01,-5.410566329956054688e-01,2.835904359817504883e-01,-2.399250268936157227e-01,7.089149951934814453e-01,-1.312545061111450195e+00,3.974049091339111328e-01,4.837095141410827637e-01,7.049989700317382812e-01,-2.687174379825592041e-01
3.838383838383838231e+00,-2.004131674766540527e-03,8.783136010169982910e-01,2.111403346061706543e-01,-5.062192082405090332e-01,1.026873588562011719e-01,-3.948684930801391602e-01,6.746393442153930664e-01,-1.266873359680175781e+00,5.261476039886474609e-01,5.508471131324768066e-01,6.412206292152404785e-01,-3.116446137428283691e-01
3.939393939393939448e+00,-1.712180674076080322e-02,8.683207035064697266e-01,1.628505587577819824e-01,-4.718667268753051758e-01,-7.569754123687744141e-02,-5.476552248001098633e-01,6.408408284187316895e-01,-1.221837282180786133e+00,6.530981063842773438e-01,6.170501708984375000e-01,5.783300995826721191e-01,-3.539742529392242432e-01
4.040404040404040664e+00,-3.181260824203491211e-02,8.586099743843078613e-01,1.159242987632751465e-01,-4.384842216968536377e-01,-2.490456104278564453e-01,-6.961277723312377930e-01,6.079967021942138672e-01,-1.178072929382324219e+00,7.764641046524047852e-01,6.813839673995971680e-01,5.172153115272521973e-01,-3.951086699962615967e-01
4.141414141414140992e+00,-4.586312174797058105e-02,8.493224978446960449e-01,7.104337215423583984e-02,-4.065566658973693848e-01,-4.148381948471069336e-01,-8.381291627883911133e-01,5.765839815139770508e-01,-1.136216044425964355e+00,8.944532871246337891e-01,7.429137229919433594e-01,4.587641954421997070e-01,-4.344502389430999756e-01
4.242424242424242209e+00,-5.905996263027191162e-02,8.405992388725280762e-01,2.888917922973632812e-02,-3.765689432621002197e-01,-5.705579519271850586e-01,-9.715031385421752930e-01,5.470798611640930176e-01,-1.096902251243591309e+00,1.005273818969726562e+00,8.007051944732666016e-01,4.038643836975097656e-01,-4.714016020298004150e-01
4.343434343434343425e+00,-7.118965685367584229e-02,8.325814008712768555e-01,-9.856164455413818359e-03,-3.490061461925506592e-01,-7.136856317520141602e-01,-1.094091773033142090e+00,5.199615359306335449e-01,-1.060767531394958496e+00,1.107132911682128906e+00,8.538233637809753418e-01,3.534040451049804688e-01,-5.053648352622985840e-01
4.444444444444444642e+00,-8.203881978988647461e-02,8.254100680351257324e-01,-4.451119899749755859e-02,-3.243531584739685059e-01,-8.417030572891235352e-01,-1.203738808631896973e+00,4.957061409950256348e-01,-1.028447508811950684e+00,1.198238611221313477e+00,9.013338088989257812e-01,3.082707524299621582e-01,-5.357425808906555176e-01
4.545454545454544970e+00,-9.139396250247955322e-02,8.192262649536132812e-01,-7.439398765563964844e-02,-3.030951023101806641e-01,-9.520915746688842773e-01,-1.298286557197570801e+00,4.747908711433410645e-01,-1.000578284263610840e+00,1.276798486709594727e+00,9.423017501831054688e-01,2.693527340888977051e-01,-5.619370937347412109e-01
4.646464646464646187e+00,-9.904171526432037354e-02,8.141710162162780762e-01,-9.882289171218872070e-02,-2.857167720794677734e-01,-1.042333245277404785e+00,-1.375578761100769043e+00,4.576928019523620605e-01,-9.777953624725341797e-01,1.341020464897155762e+00,9.757926464080810547e-01,2.375375032424926758e-01,-5.833508968353271484e-01
4.747474747474747403e+00,-1.047686338424682617e-01,8.103854656219482422e-01,-1.171161532402038574e-01,-2.727032899856567383e-01,-1.109909415245056152e+00,-1.433457732200622559e+00,4.448891878128051758e-01,-9.607347249984741211e-01,1.389112353324890137e+00,1.000871896743774414e+00,2.137131690979003906e-01,-5.993863344192504883e-01
4.848484848484848619e+00,-1.083613187074661255e-01,8.080106973648071289e-01,-1.285920739173889160e-01,-2.645394802093505859e-01,-1.152302384376525879e+00,-1.469767212867736816e+00,4.368570446968078613e-01,-9.500319957733154297e-01,1.419281840324401855e+00,1.016604900360107422e+00,1.987673044204711914e-01,-6.094458699226379395e-01
4.949494949494949836e+00,-1.096062958240509033e-01,8.071877360343933105e-01,-1.325688958168029785e-01,-2.617104649543762207e-01,-1.166992783546447754e+00,-1.482349514961242676e+00,4.340736269950866699e-01,-9.463231563568115234e-01,1.429736495018005371e+00,1.022056937217712402e+00,1.935881376266479492e-01,-6.129318475723266602e-01
5.050505050505050164e+00,-1.096062883734703064e-01,8.071877360343933105e-01,-1.325688809156417847e-01,-2.617104649543762207e-01,-1.166992783546447754e+00,-1.482349514961242676e+00,4.340736269950866699e-01,-9.463231563568115234e-01,1.429736495018005371e+00,1.022056937217712402e+00,1.935881227254867554e-01,-6.129318475723266602e-01
5.151515151515151381e+00,-1.073556542396545410e-01,8.045883178710937500e-01,-1.358462423086166382e-01,-2.534160912036895752e-01,-1.164303898811340332e+00,-1.476092934608459473e+00,4.233930408954620361e-01,-9.309675097465515137e-01,1.433981418609619141e+00,1.015183329582214355e+00,1.888182163238525391e-01,-6.153598427772521973e-01
5.252525252525252597e+00,-1.008609533309936523e-01,7.970871925354003906e-01,-1.453037559986114502e-01,-2.294809371232986450e-01,-1.156544566154479980e+00,-1.458038210868835449e+00,3.925719261169433594e-01,-8.866553902626037598e-01,1.446231007575988770e+00,9.953480362892150879e-01,1.750535964965820312e-01,-6.223663091659545898e-01
5.353535353535353813e+00,-9.050802886486053467e-02,7.851299047470092773e-01,-1.603796184062957764e-01,-1.913268715143203735e-01,-1.144175887107849121e+00,-1.429257750511169434e+00,3.434412181377410889e-01,-8.160193562507629395e-01,1.465757489204406738e+00,9.637295007705688477e-01,1.531119942665100098e-01,-6.335350871086120605e-01
5.454545454545454142e+00,-7.668268680572509766e-02,7.691621184349060059e-01,-1.805119663476943970e-01,-1.403757780790328979e-01,-1.127658486366271973e+00,-1.390824437141418457e+00,2.778319120407104492e-01,-7.216916084289550781e-01,1.491833209991455078e+00,9.215058684349060059e-01,1.238110959529876709e-01,-6.484498977661132812e-01
5.555555555555555358e+00,-5.977075546979904175e-02,7.496294379234313965e-01,-2.051389813423156738e-01,-7.804955542087554932e-02,-1.107453584671020508e+00,-1.343810558319091797e+00,1.975749135017395020e-01,-6.063047647476196289e-01,1.523730635643005371e+00,8.698556423187255859e-01,8.796860277652740479e-02,-6.666945219039916992e-01
5.656565656565656575e+00,-4.015807062387466431e-02,7.269774675369262695e-01,-2.336988151073455811e-01,-5.770146846771240234e-03,-1.084022045135498047e+00,-1.289288759231567383e+00,1.045012474060058594e-01,-4.724910855293273926e-01,1.560721874237060547e+00,8.099570870399475098e-01,4.640223085880279541e-02,-6.878527402877807617e-01
5.757575757575757791e+00,-1.823043078184127808e-02,7.016518115997314453e-01,-2.656296491622924805e-01,7.504066824913024902e-02,-1.057824850082397461e+00,-1.228331565856933594e+00,4.418194293975830078e-04,-3.228829503059387207e-01,1.602079272270202637e+00,7.429884672164916992e-01,-7.036328315734863281e-05,-7.115083336830139160e-01
5.858585858585858119e+00,5.626328289508819580e-03,6.740980744361877441e-01,-3.003696799278259277e-01,1.629609465599060059e-01,-1.029322862625122070e+00,-1.162011623382568359e+00,-1.127724051475524902e-01,-1.601127982139587402e-01,1.647075176239013672e+00,6.701282262802124023e-01,-5.063146352767944336e-02,-7.372450828552246094e-01
5.959595959595959336e+00,3.102635592222213745e-02,6.447619199752807617e-01,-3.373569846153259277e-01,2.565687298774719238e-01,-9.989771842956542969e-01,-1.091401338577270508e+00,-2.333104014396667480e-01,1.318681240081787109e-02,1.694981813430786133e+00,5.925546884536743164e-01,-1.044633239507675171e-01,-7.646467089653015137e-01
6.060606060606060552e+00,5.758389085531234741e-02,6.140888929367065430e-01,-3.760298490524291992e-01,3.544422388076782227e-01,-9.672485589981079102e-01,-1.017573475837707520e+00,-3.593413829803466797e-01,1.943837404251098633e-01,1.745071649551391602e+00,5.114461183547973633e-01,-1.607483178377151489e-01,-7.932970523834228516e-01
6.161616161616161769e+00,8.491302281618118286e-02,5.825247168540954590e-01,-4.158263206481933594e-01,4.551594257354736328e-01,-9.345980882644653320e-01,-9.416005015373229980e-01,-4.890341162681579590e-01,3.808453083038330078e-01,1.796616792678833008e+00,4.279809594154357910e-01,-2.186686545610427856e-01,-8.227797746658325195e-01
6.262626262626262097e+00,1.126280203461647034e-01,5.505148768424987793e-01,-4.561846256256103516e-01,5.572986006736755371e-01,-9.014866352081298828e-01,-8.645549416542053223e-01,-6.205579638481140137e-01,5.699394941329956055e-01,1.848889589309692383e+00,3.433373570442199707e-01,-2.774067521095275879e-01,-8.526787757873535156e-01
6.363636363636363313e+00,1.403429806232452393e-01,5.185050964355468750e-01,-4.965429306030273438e-01,6.594376564025878906e-01,-8.683751821517944336e-01,-7.875094413757324219e-01,-7.520816922187805176e-01,7.590334415435791016e-01,1.901162505149841309e+00,2.586938738822937012e-01,-3.361447453498840332e-01,-8.825777769088745117e-01
6.464646464646464530e+00,1.676721572875976562e-01,4.869408011436462402e-01,-5.363394618034362793e-01,7.601550221443176270e-01,-8.357246518135070801e-01,-7.115363478660583496e-01,-8.817746043205261230e-01,9.454952478408813477e-01,1.952707767486572266e+00,1.752285957336425781e-01,-3.940652012825012207e-01,-9.120604991912841797e-01
6.565656565656565746e+00,1.942296624183654785e-01,4.562678039073944092e-01,-5.750123262405395508e-01,8.580284714698791504e-01,-8.039960861206054688e-01,-6.377084851264953613e-01,-1.007805585861206055e+00,1.126692295074462891e+00,2.002797365188598633e+00,9.412002563476562500e-02,-4.503501653671264648e-01,-9.407108426094055176e-01
6.666666666666666963e+00,2.196296751499176025e-01,4.269316792488098145e-01,-6.119995713233947754e-01,9.516361355781555176e-01,-7.736503481864929199e-01,-5.670983791351318359e-01,-1.128343343734741211e+00,1.299991607666015625e+00,2.050704002380371094e+00,1.654660701751708984e-02,-5.041819214820861816e-01,-9.681124687194824219e-01
6.767676767676767291e+00,2.434864640235900879e-01,3.993779122829437256e-01,-6.467396616935729980e-01,1.039556503295898438e+00,-7.451483011245727539e-01,-5.007783174514770508e-01,-1.241557836532592773e+00,1.462762117385864258e+00,2.095700025558471680e+00,-5.631387233734130859e-02,-5.547431111335754395e-01,-9.938492178916931152e-01
6.868686868686868507e+00,2.654140889644622803e-01,3.740522861480712891e-01,-6.786704659461975098e-01,1.120367288589477539e+00,-7.189511060714721680e-01,-4.398211240768432617e-01,-1.345617294311523438e+00,1.612370014190673828e+00,2.137057304382324219e+00,-1.232823133468627930e-01,-6.012156605720520020e-01,-1.017504811286926270e+00
6.969696969696969724e+00,2.850268185138702393e-01,3.514002859592437744e-01,-7.072303891181945801e-01,1.192646980285644531e+00,-6.955195665359497070e-01,-3.852993249893188477e-01,-1.438690900802612305e+00,1.746183872222900391e+00,2.174048662185668945e+00,-1.831810474395751953e-01,-6.427821516990661621e-01,-1.038663029670715332e+00
7.070707070707070940e+00,3.019387125968933105e-01,3.318676352500915527e-01,-7.318572998046875000e-01,1.254972934722900391e+00,-6.753146648406982422e-01,-3.382855653762817383e-01,-1.518947839736938477e+00,1.861570596694946289e+00,2.205945968627929688e+00,-2.348310947418212891e-01,-6.786245703697204590e-01,-1.056907653808593750e+00
7.171717171717171269e+00,3.157640695571899414e-01,3.158998489379882812e-01,-7.519896626472473145e-01,1.305924177169799805e+00,-6.587973833084106445e-01,-2.998521327972412109e-01,-1.584557056427001953e+00,1.955898284912109375e+00,2.232021808624267578e+00,-2.770547866821289062e-01,-7.079254388809204102e-01,-1.071822404861450195e+00
7.272727272727272485e+00,3.261169791221618652e-01,3.039426207542419434e-01,-7.670655250549316406e-01,1.344078063964843750e+00,-6.464285850524902344e-01,-2.710717916488647461e-01,-1.633687734603881836e+00,2.026534318923950195e+00,2.251548290252685547e+00,-3.086732625961303711e-01,-7.298670411109924316e-01,-1.082991123199462891e+00
7.373737373737373701e+00,3.326116800308227539e-01,2.964414358139038086e-01,-7.765230536460876465e-01,1.368013381958007812e+00,-6.386693120002746582e-01,-2.530169486999511719e-01,-1.664508819580078125e+00,2.070846557617187500e+00,2.263797998428344727e+00,-3.285086154937744141e-01,-7.436316609382629395e-01,-1.089997768402099609e+00
7.474747474747474918e+00,3.348623216152191162e-01,2.938420176506042480e-01,-7.798004150390625000e-01,1.376307725906372070e+00,-6.359804272651672363e-01,-2.467603683471679688e-01,-1.675189495086669922e+00,2.086202144622802734e+00,2.268042802810668945e+00,-3.353822231292724609e-01,-7.484015822410583496e-01,-1.092425704002380371e+00
7.575757575757575246e+00,3.348623216152191162e-01,2.938420474529266357e-01,-7.798004150390625000e-01,1.376307725906372070e+00,-6.359804272651672363e-01,-2.467603385448455811e-01,-1.675189614295959473e+00,2.086202144622802734e+00,2.268042802810668945e+00,-3.353822529315948486e-01,-7.484015822410583496e-01,-1.092425704002380371e+00
7.676767676767676463e+00,3.331666886806488037e-01,2.923541367053985596e-01,-7.758517861366271973e-01,1.369338631629943848e+00,-6.327600479125976562e-01,-2.455108314752578735e-01,-1.666707038879394531e+00,2.075638294219970703e+00,2.256558179855346680e+00,-3.336839973926544189e-01,-7.446119189262390137e-01,-1.086894035339355469e+00
7.777777777777777679e+00,3.282735943794250488e-01,2.880604267120361328e-01,-7.644571065902709961e-01,1.349227547645568848e+00,-6.234669089317321777e-01,-2.419050931930541992e-01,-1.642228722572326660e+00,2.045154094696044922e+00,2.223417043685913086e+00,-3.287833034992218018e-01,-7.336760759353637695e-01,-1.070931196212768555e+00
7.878787878787878896e+00,3.204737007617950439e-01,2.812160253524780273e-01,-7.462933659553527832e-01,1.317169547080993652e+00,-6.086531281471252441e-01,-2.361573576927185059e-01,-1.603208780288696289e+00,1.996560692787170410e+00,2.170587778091430664e+00,-3.209713101387023926e-01,-7.162436842918395996e-01,-1.045485496520996094e+00
7.979797979797979224e+00,3.100576996803283691e-01,2.720759809017181396e-01,-7.220374345779418945e-01,1.274358987808227539e+00,-5.888707637786865234e-01,-2.284817993640899658e-01,-1.551101446151733398e+00,1.931668639183044434e+00,2.100039720535278320e+00,-3.105391263961791992e-01,-6.929644346237182617e-01,-1.011505246162414551e+00
8.080808080808081328e+00,2.973162531852722168e-01,2.608953416347503662e-01,-6.923661828041076660e-01,1.221990823745727539e+00,-5.646718740463256836e-01,-2.190926223993301392e-01,-1.487360954284667969e+00,1.852289080619812012e+00,2.013741016387939453e+00,-2.977778911590576172e-01,-6.644878983497619629e-01,-9.699387550354003906e-01
8.181818181818181657e+00,2.825400829315185547e-01,2.479292303323745728e-01,-6.579566001892089844e-01,1.161259651184082031e+00,-5.366084575653076172e-01,-2.082040309906005859e-01,-1.413441181182861328e+00,1.760233044624328613e+00,1.913661122322082520e+00,-2.829787731170654297e-01,-6.314638257026672363e-01,-9.217342138290405273e-01
8.282828282828281985e+00,2.660198211669921875e-01,2.334326803684234619e-01,-6.194855570793151855e-01,1.093360185623168945e+00,-5.052326917648315430e-01,-1.960302442312240601e-01,-1.330796599388122559e+00,1.657311320304870605e+00,1.801768302917480469e+00,-2.664328515529632568e-01,-5.945417881011962891e-01,-8.678399324417114258e-01
8.383838383838384090e+00,2.480461597442626953e-01,2.176607698202133179e-01,-5.776299238204956055e-01,1.019487142562866211e+00,-4.710965752601623535e-01,-1.827854216098785400e-01,-1.240881204605102539e+00,1.545334815979003906e+00,1.680031657218933105e+00,-2.484312951564788818e-01,-5.543715357780456543e-01,-8.092042207717895508e-01
8.484848484848484418e+00,2.289097905158996582e-01,2.008685767650604248e-01,-5.330666899681091309e-01,9.408353567123413086e-01,-4.347522258758544922e-01,-1.686838269233703613e-01,-1.145149230957031250e+00,1.426114797592163086e+00,1.550419807434082031e+00,-2.292652130126953125e-01,-5.116026401519775391e-01,-7.467753887176513672e-01
8.585858585858586522e+00,2.089013755321502686e-01,1.833111792802810669e-01,-4.864726960659027100e-01,8.585993647575378418e-01,-3.967516422271728516e-01,-1.539396047592163086e-01,-1.045054674148559570e+00,1.301461696624755859e+00,1.414901733398437500e+00,-2.092257291078567505e-01,-4.668847620487213135e-01,-6.815016269683837891e-01
8.686868686868686851e+00,1.883116215467453003e-01,1.652436405420303345e-01,-4.385249316692352295e-01,7.739740014076232910e-01,-3.576470017433166504e-01,-1.387670040130615234e-01,-9.420518279075622559e-01,1.173186898231506348e+00,1.275445938110351562e+00,-1.886039972305297852e-01,-4.208676218986511230e-01,-6.143314242362976074e-01
8.787878787878787179e+00,1.674311608076095581e-01,1.469210237264633179e-01,-3.899002075195312500e-01,6.881538629531860352e-01,-3.179902136325836182e-01,-1.233801692724227905e-01,-8.375948071479797363e-01,1.043101072311401367e+00,1.134021401405334473e+00,-1.676911264657974243e-01,-3.742007911205291748e-01,-5.462128520011901855e-01
8.888888888888889284e+00,1.465507298707962036e-01,1.285984218120574951e-01,-3.412755429744720459e-01,6.023337841033935547e-01,-2.783334851264953613e-01,-1.079933643341064453e-01,-7.331379055976867676e-01,9.130153656005859375e-01,9.925969839096069336e-01,-1.467782706022262573e-01,-3.275339901447296143e-01,-4.780943393707275391e-01
8.989898989898989612e+00,1.259609460830688477e-01,1.105308681726455688e-01,-2.933276891708374023e-01,5.177083611488342285e-01,-2.392287552356719971e-01,-9.282073378562927246e-02,-6.301349401473999023e-01,7.847403287887573242e-01,8.531410694122314453e-01,-1.261565238237380981e-01,-2.815167903900146484e-01,-4.109240174293518066e-01
9.090909090909089940e+00,1.059525310993194580e-01,9.297345578670501709e-02,-2.467337250709533691e-01,4.354723691940307617e-01,-2.012281715869903564e-01,-7.807651162147521973e-02,-5.300405025482177734e-01,6.600873470306396484e-01,7.176228761672973633e-01,-1.061170399188995361e-01,-2.367989420890808105e-01,-3.456503152847290039e-01
9.191919191919192045e+00,8.681619167327880859e-02,7.618129253387451172e-02,-2.021705508232116699e-01,3.568205833435058594e-01,-1.648838818073272705e-01,-6.397491693496704102e-02,-4.343085289001464844e-01,5.408674478530883789e-01,5.880112648010253906e-01,-8.695098757743835449e-02,-1.940301060676574707e-01,-2.832215428352355957e-01
9.292929292929292373e+00,6.884250044822692871e-02,6.040936708450317383e-02,-1.603148579597473145e-01,2.829475402832031250e-01,-1.307476758956909180e-01,-5.073009431362152100e-02,-3.443930149078369141e-01,4.288907051086425781e-01,4.662743806838989258e-01,-6.894937157630920410e-02,-1.538597345352172852e-01,-2.245857715606689453e-01
9.393939393939394478e+00,5.232223868370056152e-02,4.591281712055206299e-02,-1.218438148498535156e-01,2.150480747222900391e-01,-9.937196969985961914e-02,-3.855630755424499512e-02,-2.617484331130981445e-01,3.259690999984741211e-01,3.543816804885864258e-01,-5.240347981452941895e-02,-1.169377565383911133e-01,-1.706914901733398438e-01
9.494949494949494806e+00,3.754603862762451172e-02,3.294667601585388184e-02,-8.743417263031005859e-02,1.543167829513549805e-01,-7.130855321884155273e-02,-2.766770124435424805e-02,-1.878286600112915039e-01,2.339129447937011719e-01,2.543015480041503906e-01,-3.760433197021484375e-02,-8.391362428665161133e-02,-1.224868893623352051e-01
9.595959595959595134e+00,2.480462193489074707e-02,2.176609635353088379e-02,-5.776298046112060547e-02,1.019487380981445312e-01,-4.710966348648071289e-02,-1.827855408191680908e-02,-1.240881681442260742e-01,1.545335054397583008e-01,1.680033206939697266e-01,-2.484312653541564941e-02,-5.543714761734008789e-02,-8.092045783996582031e-02
9.696969696969697239e+00,1.438862085342407227e-02,1.262602210044860840e-02,-3.350704908370971680e-02,5.913817882537841797e-02,-2.732729911804199219e-02,-1.060298085212707520e-02,-7.198083400726318359e-02,8.964145183563232422e-02,9.745502471923828125e-02,-1.441094279289245605e-02,-3.215789794921875000e-02,-4.694020748138427734e-02
9.797979797979797567e+00,6.588727235794067383e-03,5.781620740890502930e-03,-1.534330844879150391e-02,2.708017826080322266e-02,-1.251351833343505859e-02,-4.855245351791381836e-03,-3.296101093292236328e-02,4.104804992675781250e-02,4.462599754333496094e-02,-6.598979234695434570e-03,-1.472550630569458008e-02,-2.149450778961181641e-02
9.898989898989899672e+00,1.695632934570312500e-03,1.487910747528076172e-03,-3.948628902435302734e-03,6.969094276428222656e-03,-3.220379352569580078e-03,-1.249507069587707520e-03,-8.482575416564941406e-03,1.056385040283203125e-02,1.148462295532226562e-02,-1.698255538940429688e-03,-3.789663314819335938e-03,-5.531668663024902344e-03
1.000000000000000000e+01,0.000000000000000000e+00,0.000000000000000000e+00,0.000000000000000000e+00,0.000000000000000000e+00,0.000000000000000000e+00,0.000000000000000000e+00,0.000000000000000000e+00,0.000000000000000000e+00,0.000000000000000000e+00,0.000000000000000000e+00,0.000000000000000000e+00,0.000000000000000000e+00
